request_id,amount_safe_to_pay,affordability_status,recommended_payment_method,payment_plan,earliest_date_for_full_payment,spending_changes_needed,decision_explanation
request_26,15656000.0,affordable_now,full_payment,2025-08-03:15656000,2025-08-03,none,"Pay  15,656,000 today. This leaves at least  24,768,300 available."
request_27,6670.0,affordable_now,full_payment,2026-07-05:6670,2026-07-05,none,"Pay  6,670 today. This leaves at least  20,500 available."
request_28,427.92,affordable_later,wait,2024-07-15:1302.40,2024-07-15,none,Wait until 2024-07-15 when the full amount can be paid while preserving the required minimum balance.
request_29,33251.98,not_affordable,not_recommended,none,,none,"The requested amount of  51,524 cannot be safely paid under the available financial constraints."
request_30,775.2,affordable_with_plan,installments,2026-04-06:268.74|2026-05-06:268.74|2026-06-05:268.74,2026-04-06,none,Use the available installment option while keeping the required minimum balance.
request_31,6009674.48,affordable_later,wait,2024-09-15:18164000,2024-09-15,none,Wait until 2024-09-15 when the full amount can be paid while preserving the required minimum balance.
request_32,0.0,not_affordable,not_recommended,none,,none,"The requested amount of  40,018 cannot be safely paid under the available financial constraints."
request_33,51705.73,affordable_later,wait,2026-01-15:118000,2026-01-15,none,Wait until 2026-01-15 when the full amount can be paid while preserving the required minimum balance.
request_34,129400.0,affordable_now,full_payment,2024-12-04:129400,2024-12-04,none,"Pay  129,400 today. This leaves at least  138,500 available."
request_35,69668.16,affordable_later,wait,2025-12-15:212000,2025-12-15,none,Wait until 2025-12-15 when the full amount can be paid while preserving the required minimum balance.
request_36,794.59,affordable_later,wait,2026-09-15:3954,2026-09-15,none,Wait until 2026-09-15 when the full amount can be paid while preserving the required minimum balance.
request_37,6813645.37,affordable_later,wait,2024-03-15:14649000,2024-03-15,none,Wait until 2024-03-15 when the full amount can be paid while preserving the required minimum balance.
request_38,264.82,affordable_later,wait,2025-09-15:971.30,2025-09-15,none,Wait until 2025-09-15 when the full amount can be paid while preserving the required minimum balance.
request_39,162140.95,affordable_later,wait,2026-04-15:208600,2026-04-15,none,Wait until 2026-04-15 when the full amount can be paid while preserving the required minimum balance.
request_40,0.0,not_affordable,not_recommended,none,,none,"The requested amount of  1,290.30 cannot be safely paid under the available financial constraints."
request_41,12800933.44,affordable_later,wait,2025-12-15:38760000,2025-12-15,none,Wait until 2025-12-15 when the full amount can be paid while preserving the required minimum balance.
request_42,52100.0,affordable_now,full_payment,2026-01-05:52100,2026-01-05,none,"Pay  52,100 today. This leaves at least  113,100 available."
request_43,8344740.52,affordable_later,wait,2024-11-15:43339000,2024-11-15,none,Wait until 2024-11-15 when the full amount can be paid while preserving the required minimum balance.
request_44,0.0,not_affordable,not_recommended,none,,none,"The requested amount of  95,800 cannot be safely paid under the available financial constraints."
request_45,6381699.01,affordable_later,wait,2026-08-15:21983000,2026-08-15,none,Wait until 2026-08-15 when the full amount can be paid while preserving the required minimum balance.
request_46,49450.0,affordable_with_plan,installments,2024-12-03:25714|2024-12-31:25714,2024-12-03,none,Use the available installment option while keeping the required minimum balance.
request_47,38114000.0,affordable_now,full_payment,2025-05-05:38114000,2025-05-05,none,"Pay  38,114,000 today. This leaves at least  30,049,000 available."
request_48,45700.0,affordable_now,full_payment,2026-07-25:45700,2026-07-25,none,"Pay  45,700 today. This leaves at least  71,300 available."
request_49,14723057.15,affordable_with_plan,installments,2024-03-18:11902106.67|2024-04-18:11902106.67|2024-05-19:11902106.67,2024-03-15,none,Use the available installment option while keeping the required minimum balance.
request_50,43900.0,affordable_now,full_payment,2025-08-06:43900,2025-08-06,none,"Pay  43,900 today. This leaves at least  99,700 available."
request_51,2191000.0,affordable_now,full_payment,2026-01-03:2191000,2026-01-03,none,"Pay  2,191,000 today. This leaves at least  7,811,000 available."
request_52,26530.0,affordable_later,wait,2024-06-15:28870,2024-06-15,none,Wait until 2024-06-15 when the full amount can be paid while preserving the required minimum balance.
request_53,714.42,affordable_with_plan,installments,2025-11-21:589.06|2025-12-19:589.06|2026-01-16:589.06,2025-11-15,none,Use the available installment option while keeping the required minimum balance.
request_54,10237.67,not_affordable,not_recommended,none,,none,"The requested amount of  121,528 cannot be safely paid under the available financial constraints."
request_55,148276.01,affordable_with_plan,installments,2026-06-11:75781.33|2026-07-12:75781.33|2026-08-12:75781.33,2026-06-15,none,Use the available installment option while keeping the required minimum balance.
request_56,778.78,affordable_with_plan,partial_payment,2025-02-03:778.78|2025-02-15:102.78,2025-02-15,none,Pay  778.78 now and the remaining  102.78 on 2025-02-15.
request_57,15164.33,affordable_later,wait,2026-05-15:61446,2026-05-15,none,Wait until 2026-05-15 when the full amount can be paid while preserving the required minimum balance.
request_58,16226000.0,affordable_now,full_payment,2024-12-07:16226000,2024-12-07,none,"Pay  16,226,000 today. This leaves at least  14,433,900 available."
request_59,140600.0,affordable_with_plan,installments,2025-05-07:48741.33|2025-06-04:48741.33|2025-07-02:48741.33,2025-05-04,none,Use the available installment option while keeping the required minimum balance.
request_60,199.89,affordable_now,full_payment,2026-01-06:199.89,2026-01-06,none,Pay  199.89 today. This leaves at least  400 available.
request_61,29062.0,affordable_with_plan,installments,2024-03-17:10074.83|2024-04-17:10074.83|2024-05-18:10074.83,2024-03-03,none,Use the available installment option while keeping the required minimum balance.
request_62,404.23,affordable_now,full_payment,2025-08-05:404.23,2025-08-05,none,"Pay  404.23 today. This leaves at least  1,300 available."
request_63,59497.64,affordable_with_plan,partial_payment,2026-07-07:59497.64|2026-09-15:284402.36,2026-09-15,none,"Pay  59,497.64 now and the remaining  284,402.36 on 2026-09-15."
request_64,48591.56,affordable_with_plan,installments,2024-06-11:22082.67|2024-07-12:22082.67|2024-08-12:22082.67,2024-06-15,none,Use the available installment option while keeping the required minimum balance.
request_65,8435.82,not_affordable,not_recommended,none,2026-01-15,none,"The requested amount of  54,340 cannot be safely paid under the available financial constraints."
request_66,22200.0,affordable_now,full_payment,2026-04-03:22200,2026-04-03,none,"Pay  22,200 today. This leaves at least  80,700 available."
request_67,607.45,affordable_later,wait,2024-09-15:2094,2024-09-15,none,Wait until 2024-09-15 when the full amount can be paid while preserving the required minimum balance.
request_68,1629.68,affordable_with_plan,installments,2025-02-14:725.09|2025-03-14:725.09|2025-04-11:725.09,2025-02-23,none,Use the available installment option while keeping the required minimum balance.
request_69,529.1,affordable_now,full_payment,2026-01-04:529.10,2026-01-04,none,Pay  529.10 today. This leaves at least  700 available.
request_70,61135.81,affordable_later,wait,2025-01-15:243900,2025-01-15,none,Wait until 2025-01-15 when the full amount can be paid while preserving the required minimum balance.
request_71,2217740.02,affordable_later,wait,2025-07-15:21451000,2025-07-15,none,Wait until 2025-07-15 when the full amount can be paid while preserving the required minimum balance.
request_72,0.0,not_affordable,not_recommended,none,,none,"The requested amount of  11,330 cannot be safely paid under the available financial constraints."
request_73,71400.0,affordable_now,full_payment,2023-01-20:71400,2023-01-20,none,"Pay  71,400 today. This leaves at least  103,200 available."
request_74,5010.0,affordable_now,full_payment,2025-08-04:5010,2025-08-04,none,"Pay  5,010 today. This leaves at least  21,900 available."
request_75,28270.0,affordable_with_plan,installments,2026-04-09:9800.27|2026-05-09:9800.27|2026-06-08:9800.27,2026-04-06,none,Use the available installment option while keeping the required minimum balance.
request_76,1103.56,not_affordable,not_recommended,none,,none,"The requested amount of  4,455.60 cannot be safely paid under the available financial constraints."
request_77,60700.0,affordable_now,full_payment,2025-11-05:60700,2025-11-05,none,"Pay  60,700 today. This leaves at least  82,200 available."
request_78,50200.0,affordable_now,full_payment,2025-10-02:50200,2025-10-02,none,"Pay  50,200 today. This leaves at least  55,200 available."
request_79,869.42,affordable_with_plan,partial_payment,2024-09-04:869.42|2024-10-15:1282.18,2024-10-15,none,"Pay  869.42 now and the remaining  1,282.18 on 2024-10-15."
request_80,125410.0,not_affordable,not_recommended,none,,none,"The requested amount of  217,500 cannot be safely paid under the available financial constraints."
request_81,2076.0,affordable_now,full_payment,2026-07-03:2076,2026-07-03,none,"Pay  2,076 today. This leaves at least  1,600 available."
request_82,541.67,affordable_later,wait,2025-01-15:1405.20,2025-01-15,none,Wait until 2025-01-15 when the full amount can be paid while preserving the required minimum balance.
request_83,0.0,not_affordable,not_recommended,none,,none,"The requested amount of  156,200 cannot be safely paid under the available financial constraints."
request_84,33624.84,affordable_later,wait,2026-05-15:95400,2026-05-15,none,Wait until 2026-05-15 when the full amount can be paid while preserving the required minimum balance.
request_85,1743580.91,not_affordable,not_recommended,none,2024-05-15,none,"The requested amount of  19,304,000 cannot be safely paid under the available financial constraints."
request_86,46300.0,affordable_now,full_payment,2025-08-03:46300,2025-08-03,none,"Pay  46,300 today. This leaves at least  84,900 available."
request_87,0.0,not_affordable,not_recommended,none,,none,"The requested amount of  487,900 cannot be safely paid under the available financial constraints."
request_88,11959.79,affordable_with_plan,installments,2024-06-14:9045.23|2024-07-15:9045.23|2024-08-15:9045.23,2024-06-15,none,Use the available installment option while keeping the required minimum balance.
request_89,10950060.04,affordable_with_plan,installments,2025-11-18:4768746.67|2025-12-16:4768746.67|2026-01-13:4768746.67,2025-11-15,none,Use the available installment option while keeping the required minimum balance.
request_90,2560.0,affordable_now,full_payment,2026-07-06:2560,2026-07-06,none,"Pay  2,560 today. This leaves at least  7,600 available."
request_91,734.11,affordable_later,wait,2024-10-15:1927.20,2024-10-15,none,Wait until 2024-10-15 when the full amount can be paid while preserving the required minimum balance.
request_92,34034.0,affordable_now,full_payment,2025-02-05:34034,2025-02-05,none,"Pay  34,034 today. This leaves at least  28,100 available."
request_93,1729.2,affordable_now,full_payment,2026-04-07:1729.20,2026-04-07,none,"Pay  1,729.20 today. This leaves at least  1,900 available."
request_94,572.0,affordable_now,full_payment,2024-12-04:572,2024-12-04,none,Pay  572 today. This leaves at least  600 available.
request_95,37642.77,not_affordable,not_recommended,none,,none,"The requested amount of  553,000 cannot be safely paid under the available financial constraints."
request_96,60424.89,affordable_with_plan,installments,2026-01-10:31269.33|2026-02-09:31269.33|2026-03-11:31269.33,,none,Use the available installment option while keeping the required minimum balance.
request_97,2960.25,affordable_with_plan,installments,2024-03-19:8145.28|2024-04-19:8145.28|2024-05-20:8145.28,2024-04-15,none,Use the available installment option while keeping the required minimum balance.
request_98,11950.76,affordable_later,wait,2025-08-15:27148,2025-08-15,none,Wait until 2025-08-15 when the full amount can be paid while preserving the required minimum balance.
request_99,18062.0,affordable_now,full_payment,2026-07-04:18062,2026-07-04,none,"Pay  18,062 today. This leaves at least  49,100 available."
request_100,29616.17,affordable_with_plan,installments,2024-06-13:12866.19|2024-07-14:12866.19|2024-08-14:12866.19,2024-06-15,none,Use the available installment option while keeping the required minimum balance.
request_101,143500.0,affordable_now,full_payment,2025-11-03:143500,2025-11-03,none,"Pay  143,500 today. This leaves at least  187,400 available."
request_102,1716.0,affordable_with_plan,installments,2026-04-05:594.88|2026-05-05:594.88|2026-06-04:594.88,2026-04-05,none,Use the available installment option while keeping the required minimum balance.
request_103,22528.08,affordable_later,wait,2024-11-15:368300,2024-11-15,none,Wait until 2024-11-15 when the full amount can be paid while preserving the required minimum balance.
request_104,17204.0,affordable_now,full_payment,2025-02-04:17204,2025-02-04,none,"Pay  17,204 today. This leaves at least  24,700 available."
request_105,53500.0,affordable_now,full_payment,2026-06-08:53500,2026-06-08,none,"Pay  53,500 today. This leaves at least  73,900 available."
request_106,1064.54,affordable_later,wait,2025-01-15:2207.70,2025-01-15,none,Wait until 2025-01-15 when the full amount can be paid while preserving the required minimum balance.
request_107,0.0,affordable_with_plan,installments,2025-05-08:878.59|2025-06-05:878.59|2025-07-03:878.59,,none,Use the available installment option while keeping the required minimum balance.
request_108,4760.19,not_affordable,not_recommended,none,,none,"The requested amount of  55,308 cannot be safely paid under the available financial constraints."
request_109,806.72,affordable_with_plan,installments,2024-03-18:645.98|2024-04-18:645.98|2024-05-19:645.98,2024-03-15,none,Use the available installment option while keeping the required minimum balance.
request_110,22352.0,affordable_with_plan,installments,2025-08-06:7748.69|2025-09-03:7748.69|2025-10-01:7748.69,2025-08-06,none,Use the available installment option while keeping the required minimum balance.
request_111,16625000.0,affordable_now,full_payment,2026-04-03:16625000,2026-04-03,none,"Pay  16,625,000 today. This leaves at least  23,022,800 available."
request_112,0.0,not_affordable,not_recommended,none,,none,The requested amount of  271.70 cannot be safely paid under the available financial constraints.
request_113,36500.0,affordable_now,full_payment,2026-09-04:36500,2026-09-04,none,"Pay  36,500 today. This leaves at least  82,300 available."
request_114,65300.0,affordable_now,full_payment,2026-01-04:65300,2026-01-04,none,"Pay  65,300 today. This leaves at least  113,400 available."
request_115,16803.84,affordable_later,wait,2024-10-15:80500,2024-10-15,none,Wait until 2024-10-15 when the full amount can be paid while preserving the required minimum balance.
request_116,27543.98,not_affordable,not_recommended,none,,none,"The requested amount of  241,200 cannot be safely paid under the available financial constraints."
request_117,880.0,affordable_now,full_payment,2026-07-05:880,2026-07-05,none,"Pay  880 today. This leaves at least  1,000 available."
request_118,738.1,affordable_with_plan,installments,2024-12-07:255.87|2025-01-07:255.87|2025-02-07:255.87,2024-12-07,none,Use the available installment option while keeping the required minimum balance.
request_119,0.0,affordable_with_plan,installments,2025-05-18:70546.67|2025-06-15:70546.67|2025-07-13:70546.67,,none,Use the available installment option while keeping the required minimum balance.
request_120,7714000.0,affordable_now,full_payment,2026-04-06:7714000,2026-04-06,none,"Pay  7,714,000 today. This leaves at least  20,050,300 available."
request_121,633.6,affordable_now,full_payment,2024-03-03:633.60,2024-03-03,none,Pay  633.60 today. This leaves at least  800 available.
request_122,20558000.0,affordable_with_plan,installments,2025-08-05:7126773.33|2025-09-02:7126773.33|2025-09-30:7126773.33,2025-08-05,none,Use the available installment option while keeping the required minimum balance.
request_123,4076000.0,affordable_now,full_payment,2026-01-07:4076000,2026-01-07,none,"Pay  4,076,000 today. This leaves at least  18,091,200 available."
request_124,1497.09,affordable_with_plan,installments,2024-06-11:1076.12|2024-07-12:1076.12|2024-08-12:1076.12,2024-07-15,none,Use the available installment option while keeping the required minimum balance.
request_125,6468.0,affordable_now,full_payment,2025-11-06:6468,2025-11-06,none,"Pay  6,468 today. This leaves at least  11,300 available."
request_126,86011.16,not_affordable,not_recommended,none,,none,"The requested amount of  159,600 cannot be safely paid under the available financial constraints."
request_127,0.0,not_affordable,not_recommended,none,,none,"The requested amount of  23,980 cannot be safely paid under the available financial constraints."
request_128,25168.0,affordable_now,full_payment,2025-02-07:25168,2025-02-07,none,"Pay  25,168 today. This leaves at least  42,600 available."
request_129,159.01,not_affordable,not_recommended,none,,none,"The requested amount of  2,668.80 cannot be safely paid under the available financial constraints."
request_130,534.27,affordable_later,wait,2024-12-15:1978.80,2024-12-15,none,Wait until 2024-12-15 when the full amount can be paid while preserving the required minimum balance.
request_131,1327.67,affordable_with_plan,installments,2025-05-06:643.14|2025-06-03:643.14|2025-07-01:643.14,2025-05-23,none,Use the available installment option while keeping the required minimum balance.
request_132,379.86,affordable_now,full_payment,2026-01-05:379.86,2026-01-05,none,"Pay  379.86 today. This leaves at least  1,100 available."
request_133,1292736.04,not_affordable,not_recommended,none,,none,"The requested amount of  15,770,000 cannot be safely paid under the available financial constraints."
request_134,7407746.83,affordable_later,wait,2025-09-15:21831000,2025-09-15,none,Wait until 2025-09-15 when the full amount can be paid while preserving the required minimum balance.
request_135,304.8,affordable_now,full_payment,2026-07-06:304.80,2026-07-06,none,Pay  304.80 today. This leaves at least  500 available.
request_136,560.4,affordable_now,full_payment,2024-06-03:560.40,2024-06-03,none,"Pay  560.40 today. This leaves at least  1,100 available."
request_137,37380.24,affordable_later,wait,2025-11-15:80100,2025-11-15,none,Wait until 2025-11-15 when the full amount can be paid while preserving the required minimum balance.
request_138,1014.04,affordable_with_plan,partial_payment,2026-04-07:1014.04|2026-04-15:242.90,2026-04-15,none,"Pay  1,014.04 now and the remaining  242.90 on 2026-04-15."
request_139,2017.74,affordable_with_plan,installments,2024-09-07:802.88|2024-10-08:802.88|2024-11-08:802.88,2024-09-15,none,Use the available installment option while keeping the required minimum balance.
request_140,0.0,not_affordable,not_recommended,none,,none,"The requested amount of  62,832 cannot be safely paid under the available financial constraints."
request_141,33517.85,not_affordable,not_recommended,none,2026-03-15,none,"The requested amount of  171,600 cannot be safely paid under the available financial constraints."
request_142,1263.6,affordable_now,full_payment,2024-12-05:1263.60,2024-12-05,none,"Pay  1,263.60 today. This leaves at least  1,700 available."
request_143,4472.25,affordable_later,wait,2025-06-15:12584,2025-06-15,none,Wait until 2025-06-15 when the full amount can be paid while preserving the required minimum balance.
request_144,0.0,not_affordable,not_recommended,none,,none,The requested amount of  233.34 cannot be safely paid under the available financial constraints.
request_145,66935.0,affordable_with_plan,installments,2024-03-20:75365.33|2024-04-20:75365.33|2024-05-21:75365.33,2024-04-15,none,Use the available installment option while keeping the required minimum balance.
request_146,27847.22,not_affordable,not_recommended,none,,none,"The requested amount of  449,400 cannot be safely paid under the available financial constraints."
request_147,0.0,affordable_with_plan,installments,2026-04-08:391.63|2026-05-08:391.63|2026-06-07:391.63,,none,Use the available installment option while keeping the required minimum balance.
request_148,10456.18,affordable_with_plan,installments,2024-06-14:7710.56|2024-07-15:7710.56|2024-08-15:7710.56,2024-06-15,none,Use the available installment option while keeping the required minimum balance.
request_149,29774.09,affordable_with_plan,installments,2025-11-18:12706.03|2025-12-16:12706.03|2026-01-13:12706.03,2025-11-15,none,Use the available installment option while keeping the required minimum balance.
request_150,406.79,affordable_with_plan,installments,2026-01-06:171.98|2026-02-05:171.98|2026-03-07:171.98,2026-01-15,none,Use the available installment option while keeping the required minimum balance.
request_151,26999000.0,affordable_now,full_payment,2024-09-03:26999000,2024-09-03,none,"Pay  26,999,000 today. This leaves at least  31,633,600 available."
request_152,13185.27,affordable_with_plan,installments,2025-02-12:4812.43|2025-03-12:4812.43|2025-04-09:4812.43,2025-02-15,none,Use the available installment option while keeping the required minimum balance.
request_153,321.64,affordable_later,wait,2026-09-15:2830.80,2026-09-15,none,Wait until 2026-09-15 when the full amount can be paid while preserving the required minimum balance.
request_154,1625.8,affordable_with_plan,installments,2024-12-04:563.61|2025-01-04:563.61|2025-02-04:563.61,2024-12-04,none,Use the available installment option while keeping the required minimum balance.
request_155,68646.26,not_affordable,not_recommended,none,,none,"The requested amount of  112,500 cannot be safely paid under the available financial constraints."
request_156,9830.86,affordable_later,wait,2026-05-15:43076,2026-05-15,none,Wait until 2026-05-15 when the full amount can be paid while preserving the required minimum balance.
request_157,7058932.83,affordable_later,wait,2024-03-15:23503000,2024-03-15,none,Wait until 2024-03-15 when the full amount can be paid while preserving the required minimum balance.
request_158,242600.0,affordable_with_plan,installments,2025-08-07:84101.33|2025-09-04:84101.33|2025-10-02:84101.33,2025-08-07,none,Use the available installment option while keeping the required minimum balance.
request_159,13398.0,affordable_now,full_payment,2026-01-04:13398,2026-01-04,none,"Pay  13,398 today. This leaves at least  8,700 available."
request_160,643.61,affordable_with_plan,installments,2024-06-13:432.05|2024-07-14:432.05|2024-08-14:432.05,2024-06-15,none,Use the available installment option while keeping the required minimum balance.
request_161,0.0,not_affordable,not_recommended,none,,none,"The requested amount of  21,204,000 cannot be safely paid under the available financial constraints."
request_162,4447515.27,not_affordable,not_recommended,none,,none,"The requested amount of  83,923,000 cannot be safely paid under the available financial constraints."
request_163,13289162.0,affordable_with_plan,installments,2024-09-10:6692053.33|2024-10-11:6692053.33|2024-11-11:6692053.33,2024-09-15,none,Use the available installment option while keeping the required minimum balance.
request_164,27018000.0,affordable_with_plan,installments,2025-02-11:9366240|2025-03-11:9366240|2025-04-08:9366240,2025-02-04,none,Use the available installment option while keeping the required minimum balance.
request_165,80600.0,affordable_now,full_payment,2026-04-06:80600,2026-04-06,none,"Pay  80,600 today. This leaves at least  95,000 available."
request_166,2907.6,affordable_with_plan,installments,2024-12-03:1007.97|2025-01-03:1007.97|2025-02-03:1007.97,2024-12-03,none,Use the available installment option while keeping the required minimum balance.
request_167,43534.96,affordable_later,wait,2025-07-23:43802,2025-07-23,none,Wait until 2025-07-23 when the full amount can be paid while preserving the required minimum balance.
request_168,43454.63,affordable_with_plan,partial_payment,2026-01-07:43454.63|2026-01-15:5925.37,2026-01-15,none,"Pay  43,454.63 now and the remaining  5,925.37 on 2026-01-15."
request_169,41976.0,affordable_now,full_payment,2024-03-04:41976,2024-03-04,none,"Pay  41,976 today. This leaves at least  18,700 available."
request_170,34422077.09,affordable_with_plan,installments,2025-08-06:12804480|2025-09-03:12804480|2025-10-01:12804480,2025-08-15,none,Use the available installment option while keeping the required minimum balance.
request_171,96.26,not_affordable,not_recommended,none,,none,"The requested amount of  1,878.80 cannot be safely paid under the available financial constraints."
request_172,10200.0,affordable_with_plan,installments,2024-06-05:5304|2024-07-03:5304,2024-06-05,none,Use the available installment option while keeping the required minimum balance.
request_173,74411.37,affordable_with_plan,installments,2025-11-21:39173.33|2025-12-19:39173.33|2026-01-16:39173.33,2025-11-15,none,Use the available installment option while keeping the required minimum balance.
request_174,1146.2,affordable_with_plan,installments,2026-04-04:397.35|2026-05-04:397.35|2026-06-03:397.35,2026-04-04,none,Use the available installment option while keeping the required minimum balance.
request_175,2346.3,affordable_now,full_payment,2024-09-06:2346.30,2024-09-06,none,"Pay  2,346.30 today. This leaves at least  1,700 available."
request_176,469.33,not_affordable,not_recommended,none,,none,"The requested amount of  1,239.70 cannot be safely paid under the available financial constraints."
request_177,1017.6,affordable_now,full_payment,2026-01-05:1017.60,2026-01-05,none,"Pay  1,017.60 today. This leaves at least  1,300 available."
request_178,2938.1,affordable_with_plan,installments,2024-12-07:1018.54|2025-01-07:1018.54|2025-02-07:1018.54,2024-12-07,none,Use the available installment option while keeping the required minimum balance.
request_179,26568154.35,affordable_later,wait,2025-05-15:41648000,2025-05-15,none,Wait until 2025-05-15 when the full amount can be paid while preserving the required minimum balance.
request_180,0.0,not_affordable,not_recommended,none,,none,"The requested amount of  66,500 cannot be safely paid under the available financial constraints."
request_181,472.15,affordable_later,wait,2024-05-15:5059.20,2024-05-15,none,Wait until 2024-05-15 when the full amount can be paid while preserving the required minimum balance.
request_182,65714.0,affordable_now,full_payment,2025-08-05:65714,2025-08-05,none,"Pay  65,714 today. This leaves at least  31,100 available."
request_183,25637089.42,affordable_with_plan,installments,2026-04-10:9313546.67|2026-05-10:9313546.67|2026-06-09:9313546.67,2026-04-15,none,Use the available installment option while keeping the required minimum balance.
request_184,22642.0,not_affordable,not_recommended,none,,none,"The requested amount of  251,900 cannot be safely paid under the available financial constraints."
request_185,583.23,affordable_later,wait,2025-11-15:1257.30,2025-11-15,none,Wait until 2025-11-15 when the full amount can be paid while preserving the required minimum balance.
request_186,13533.9,affordable_later,wait,2026-02-15:26554,2026-02-15,none,Wait until 2026-02-15 when the full amount can be paid while preserving the required minimum balance.
request_187,45013.5,affordable_later,wait,2024-10-15:187500,2024-10-15,none,Wait until 2024-10-15 when the full amount can be paid while preserving the required minimum balance.
request_188,262.56,not_affordable,not_recommended,none,,none,"The requested amount of  2,464 cannot be safely paid under the available financial constraints."
request_189,488.4,affordable_now,full_payment,2026-07-04:488.40,2026-07-04,none,Pay  488.40 today. This leaves at least  400 available.
request_190,808.11,affordable_later,wait,2025-01-15:2557.50,2025-01-15,none,Wait until 2025-01-15 when the full amount can be paid while preserving the required minimum balance.
request_191,664.4,affordable_now,full_payment,2025-05-03:664.40,2025-05-03,none,Pay  664.40 today. This leaves at least  500 available.
request_192,297.26,affordable_later,wait,2026-06-15:2046,2026-06-15,none,Wait until 2026-06-15 when the full amount can be paid while preserving the required minimum balance.
request_193,211.14,affordable_with_plan,installments,2024-03-21:420.23|2024-04-21:420.23|2024-05-22:420.23,2024-03-15,none,Use the available installment option while keeping the required minimum balance.
request_194,47429.67,affordable_later,wait,2025-09-23:132800,2025-09-23,none,Wait until 2025-09-23 when the full amount can be paid while preserving the required minimum balance.
request_195,1047.04,affordable_with_plan,installments,2026-01-09:405.74|2026-02-08:405.74|2026-03-10:405.74,2026-01-15,none,Use the available installment option while keeping the required minimum balance.
request_196,762.3,affordable_now,full_payment,2024-06-03:762.30,2024-06-03,none,Pay  762.30 today. This leaves at least  500 available.
request_197,202194.24,affordable_with_plan,installments,2025-11-19:17658853.33|2025-12-17:17658853.33|2026-01-14:17658853.33,,none,Use the available installment option while keeping the required minimum balance.
request_198,185800.0,affordable_now,full_payment,2026-07-07:185800,2026-07-07,none,"Pay  185,800 today. This leaves at least  124,300 available."
request_199,23674000.0,affordable_with_plan,installments,2024-09-07:8206986.67|2024-10-08:8206986.67|2024-11-08:8206986.67,2024-09-04,none,Use the available installment option while keeping the required minimum balance.
request_200,21717000.0,affordable_now,full_payment,2025-02-06:21717000,2025-02-06,none,"Pay  21,717,000 today. This leaves at least  20,114,600 available."
request_201,23997000.0,affordable_now,full_payment,2026-04-03:23997000,2026-04-03,none,"Pay  23,997,000 today. This leaves at least  17,304,500 available."
request_202,123900.0,affordable_now,full_payment,2024-12-05:123900,2024-12-05,none,"Pay  123,900 today. This leaves at least  147,800 available."
request_203,1442.1,affordable_with_plan,installments,2025-05-10:499.93|2025-06-07:499.93|2025-07-05:499.93,2025-05-07,none,Use the available installment option while keeping the required minimum balance.
request_204,0.0,not_affordable,not_recommended,none,,none,The requested amount of  588.74 cannot be safely paid under the available financial constraints.
request_205,10621000.0,affordable_now,full_payment,2024-03-06:10621000,2024-03-06,none,"Pay  10,621,000 today. This leaves at least  13,994,300 available."
request_206,1404.7,affordable_with_plan,installments,2025-08-03:486.96|2025-08-31:486.96|2025-09-28:486.96,2025-08-03,none,Use the available installment option while keeping the required minimum balance.
request_207,9418.65,affordable_later,wait,2026-07-15:11830,2026-07-15,none,Wait until 2026-07-15 when the full amount can be paid while preserving the required minimum balance.
request_208,4413000.0,affordable_now,full_payment,2024-06-07:4413000,2024-06-07,none,"Pay  4,413,000 today. This leaves at least  10,470,700 available."
request_209,1394.53,not_affordable,not_recommended,none,,none,"The requested amount of  56,914 cannot be safely paid under the available financial constraints."
request_210,954.88,affordable_with_plan,partial_payment,2026-04-06:954.88|2026-04-15:405.14,2026-04-15,none,Pay  954.88 now and the remaining  405.14 on 2026-04-15.
request_211,505.31,affordable_later,wait,2024-09-15:1788.60,2024-09-15,none,Wait until 2024-09-15 when the full amount can be paid while preserving the required minimum balance.
request_212,10101047.05,not_affordable,not_recommended,none,,none,"The requested amount of  71,934,000 cannot be safely paid under the available financial constraints."
request_213,3362.4,affordable_with_plan,installments,2026-01-21:1165.63|2026-02-20:1165.63|2026-03-22:1165.63,2026-01-07,none,Use the available installment option while keeping the required minimum balance.
request_214,69750.0,affordable_with_plan,installments,2024-12-04:36270|2025-01-01:36270,2024-12-04,none,Use the available installment option while keeping the required minimum balance.
request_215,29986.0,affordable_with_plan,installments,2025-05-09:10395.15|2025-06-06:10395.15|2025-07-04:10395.15,2025-05-06,none,Use the available installment option while keeping the required minimum balance.
request_216,721.02,affordable_later,wait,2026-09-15:3332.40,2026-09-15,none,Wait until 2026-09-15 when the full amount can be paid while preserving the required minimum balance.
request_217,23227.42,affordable_with_plan,installments,2024-03-19:12889.07|2024-04-19:12889.07|2024-05-20:12889.07,2024-03-15,none,Use the available installment option while keeping the required minimum balance.
request_218,30187501.86,affordable_with_plan,installments,2025-08-07:21195893.33|2025-09-04:21195893.33|2025-10-02:21195893.33,2025-08-15,none,Use the available installment option while keeping the required minimum balance.
request_219,0.0,affordable_with_plan,installments,2026-04-07:580.01|2026-05-07:580.01|2026-06-06:580.01,,none,Use the available installment option while keeping the required minimum balance.
request_220,215.79,not_affordable,not_recommended,none,2024-08-15,none,"The requested amount of  3,118.50 cannot be safely paid under the available financial constraints."
request_221,109800.0,affordable_now,full_payment,2025-11-03:109800,2025-11-03,none,"Pay  109,800 today. This leaves at least  81,500 available."
request_222,34078.0,affordable_now,full_payment,2026-01-05:34078,2026-01-05,none,"Pay  34,078 today. This leaves at least  27,300 available."
request_223,898.7,affordable_now,full_payment,2024-09-07:898.70,2024-09-07,none,Pay  898.70 today. This leaves at least  800 available.
request_224,10327000.0,affordable_with_plan,installments,2025-02-04:5370040|2025-03-04:5370040,2025-02-04,none,Use the available installment option while keeping the required minimum balance.
request_225,13525635.73,affordable_with_plan,installments,2026-07-20:7647120|2026-08-19:7647120|2026-09-18:7647120,2026-07-15,none,Use the available installment option while keeping the required minimum balance.
request_226,157000.0,affordable_now,full_payment,2024-12-03:157000,2024-12-03,none,"Pay  157,000 today. This leaves at least  209,400 available."
request_227,23089.03,not_affordable,not_recommended,none,,none,"The requested amount of  259,700 cannot be safely paid under the available financial constraints."
request_228,0.0,not_affordable,not_recommended,none,,none,"The requested amount of  63,327,000 cannot be safely paid under the available financial constraints."
request_229,564.69,affordable_with_plan,installments,2024-03-18:529.29|2024-04-18:529.29|2024-05-19:529.29,2024-04-15,none,Use the available installment option while keeping the required minimum balance.
request_230,3537.6,affordable_now,full_payment,2025-08-06:3537.60,2025-08-06,none,"Pay  3,537.60 today. This leaves at least  2,000 available."
request_231,35706.0,affordable_with_plan,installments,2026-01-06:12378.08|2026-02-05:12378.08|2026-03-07:12378.08,2026-01-03,none,Use the available installment option while keeping the required minimum balance.
request_232,0.0,not_affordable,not_recommended,none,,none,"The requested amount of  1,970.10 cannot be safely paid under the available financial constraints."
request_233,0.0,affordable_with_plan,installments,2025-11-14:3245320|2025-12-15:3245320,,none,Use the available installment option while keeping the required minimum balance.
request_234,364.61,affordable_later,wait,2026-08-15:1213.30,2026-08-15,none,Wait until 2026-08-15 when the full amount can be paid while preserving the required minimum balance.
request_235,967.2,affordable_now,full_payment,2024-09-06:967.20,2024-09-06,none,Pay  967.20 today. This leaves at least  700 available.
request_236,7243023.99,not_affordable,not_recommended,none,2025-04-15,none,"The requested amount of  52,383,000 cannot be safely paid under the available financial constraints."
request_237,23826000.0,affordable_now,full_payment,2026-04-05:23826000,2026-04-05,none,"Pay  23,826,000 today. This leaves at least  22,431,500 available."
request_238,663.6,affordable_with_plan,installments,2024-12-07:230.05|2025-01-07:230.05|2025-02-07:230.05,2024-12-07,none,Use the available installment option while keeping the required minimum balance.
request_239,642.0,affordable_now,full_payment,2025-05-04:642,2025-05-04,none,Pay  642 today. This leaves at least  600 available.
request_240,0.0,not_affordable,not_recommended,none,,none,"The requested amount of  101,200 cannot be safely paid under the available financial constraints."
request_241,21052000.0,affordable_with_plan,installments,2024-03-17:7298026.67|2024-04-17:7298026.67|2024-05-18:7298026.67,2024-03-03,none,Use the available installment option while keeping the required minimum balance.
request_242,0.0,not_affordable,not_recommended,none,,none,"The requested amount of  1,966.80 cannot be safely paid under the available financial constraints."
request_243,17468.0,affordable_now,full_payment,2026-07-07:17468,2026-07-07,none,"Pay  17,468 today. This leaves at least  19,900 available."
request_244,48760.67,not_affordable,not_recommended,none,,none,"The requested amount of  49,918 cannot be safely paid under the available financial constraints."
request_245,47644.7,affordable_later,wait,2025-12-15:128500,2025-12-15,none,Wait until 2025-12-15 when the full amount can be paid while preserving the required minimum balance.
request_246,64086.0,affordable_with_plan,installments,2026-04-03:22216.48|2026-05-03:22216.48|2026-06-02:22216.48,2026-04-03,none,Use the available installment option while keeping the required minimum balance.
request_247,1059.3,affordable_now,full_payment,2024-09-05:1059.30,2024-09-05,none,"Pay  1,059.30 today. This leaves at least  1,300 available."
request_248,1028.62,not_affordable,not_recommended,none,,none,"The requested amount of  1,965.60 cannot be safely paid under the available financial constraints."
request_249,214.4,affordable_later,wait,2026-02-15:643.20,2026-02-15,none,Wait until 2026-02-15 when the full amount can be paid while preserving the required minimum balance.
request_250,17762.28,not_affordable,not_recommended,none,,none,"The requested amount of  124,278 cannot be safely paid under the available financial constraints."
request_251,1475.86,not_affordable,not_recommended,none,,none,"The requested amount of  1,513.60 cannot be safely paid under the available financial constraints."
request_252,6834405.31,affordable_later,wait,2026-08-15:28082000,2026-08-15,none,Wait until 2026-08-15 when the full amount can be paid while preserving the required minimum balance.
request_253,1635.69,affordable_with_plan,installments,2024-03-21:984.60|2024-04-21:984.60|2024-05-22:984.60,2024-03-15,none,Use the available installment option while keeping the required minimum balance.
request_254,1068.45,affordable_later,wait,2025-09-15:3535.20,2025-09-15,none,Wait until 2025-09-15 when the full amount can be paid while preserving the required minimum balance.
request_255,3345000.0,affordable_now,full_payment,2026-04-06:3345000,2026-04-06,none,"Pay  3,345,000 today. This leaves at least  9,813,900 available."
request_256,0.0,affordable_with_plan,installments,2024-06-10:75816|2024-07-11:75816|2024-08-11:75816,,none,Use the available installment option while keeping the required minimum balance.
request_257,578.48,affordable_later,wait,2025-12-15:1352.40,2025-12-15,none,Wait until 2025-12-15 when the full amount can be paid while preserving the required minimum balance.
request_258,1113.6,affordable_now,full_payment,2026-01-07:1113.60,2026-01-07,none,"Pay  1,113.60 today. This leaves at least  500 available."
request_259,489.37,affordable_later,wait,2024-10-15:935,2024-10-15,none,Wait until 2024-10-15 when the full amount can be paid while preserving the required minimum balance.
request_260,10788991.75,affordable_with_plan,partial_payment,2025-02-06:10788991.75|2025-04-15:41290008.25,2025-04-15,none,"Pay  10,788,991.75 now and the remaining  41,290,008.25 on 2025-04-15."
request_261,1830.4,affordable_now,full_payment,2026-07-03:1830.40,2026-07-03,none,"Pay  1,830.40 today. This leaves at least  1,500 available."
request_262,9236000.0,affordable_now,full_payment,2024-12-05:9236000,2024-12-05,none,"Pay  9,236,000 today. This leaves at least  31,018,500 available."
request_263,8522.62,not_affordable,not_recommended,none,,none,"The requested amount of  51,546 cannot be safely paid under the available financial constraints."
request_264,27291.46,affordable_later,wait,2026-05-15:111300,2026-05-15,none,Wait until 2026-05-15 when the full amount can be paid while preserving the required minimum balance.
request_265,45970.0,affordable_now,full_payment,2024-03-06:45970,2024-03-06,none,"Pay  45,970 today. This leaves at least  189,700 available."
request_266,935.0,affordable_with_plan,installments,2025-08-03:324.13|2025-08-31:324.13|2025-09-28:324.13,2025-08-03,none,Use the available installment option while keeping the required minimum balance.
request_267,1847.77,affordable_with_plan,installments,2026-01-08:667.33|2026-02-07:667.33|2026-03-09:667.33,2026-01-15,none,Use the available installment option while keeping the required minimum balance.
request_268,1134.52,affordable_with_plan,installments,2024-06-14:841.22|2024-07-15:841.22|2024-08-15:841.22,2024-07-15,none,Use the available installment option while keeping the required minimum balance.
request_269,0.0,not_affordable,not_recommended,none,,none,"The requested amount of  15,490 cannot be safely paid under the available financial constraints."
request_270,242.77,not_affordable,not_recommended,none,2026-09-15,none,"The requested amount of  3,028.80 cannot be safely paid under the available financial constraints."
request_271,25271.97,affordable_later,wait,2024-11-15:91300,2024-11-15,none,Wait until 2024-11-15 when the full amount can be paid while preserving the required minimum balance.
request_272,6683525.69,affordable_with_plan,installments,2025-02-12:4709466.67|2025-03-12:4709466.67|2025-04-09:4709466.67,2025-02-15,none,Use the available installment option while keeping the required minimum balance.
request_273,10764260.96,affordable_with_plan,partial_payment,2026-04-07:10764260.96|2026-04-15:5096739.04,2026-04-15,none,"Pay  10,764,260.96 now and the remaining  5,096,739.04 on 2026-04-15."
request_274,2509.11,affordable_with_plan,installments,2024-12-04:940.75|2025-01-04:940.75|2025-02-04:940.75,2024-12-15,none,Use the available installment option while keeping the required minimum balance.
request_275,15884000.0,affordable_now,full_payment,2025-05-06:15884000,2025-05-06,none,"Pay  15,884,000 today. This leaves at least  12,760,100 available."
